index,First Name,Last Name,Email Address,Prefix,College Name,Degree,Field of Study,Year of Graduation,Year of Entry,Employer Name,Job Domain,Job Title,Date of birth,Club1 ,CLub2,Club3,Club4,Reason
0,Kendra,Shea,sadye.reynolds@beer.net,Mr,College of Education,BA,CLASSROOM TEACHING,1994,1990,Keene High School,,Education / High School,7/28/1982,Men's Basketball,Men's Basketball,,,Name of the Club is not listed in Sports Club sheet
0,Kendra,Shea,sadye.reynolds@beer.net,Mr,College of Education,BA,CLASSROOM TEACHING,1994,1990,Keene High School,,Education / High School,7/28/1982,Men's Basketball,Men's Basketball,,,Cell(s) contains N/A value
1,Zavier,Cohen,prudence24@gmail.com,Captain,College of Business Administration,BBA,FINANCE,1995,1991,Keene High School,Special Education Teacher,Education / High School,1/25/1982,,,,,Name of the Club is not listed in Sports Club sheet
1,Zavier,Cohen,prudence24@gmail.com,Captain,College of Business Administration,BBA,FINANCE,1995,1991,Keene High School,Special Education Teacher,Education / High School,1/25/1982,,,,,Cell(s) contains N/A value
2,Jonah,Meyers,alfred.parker@gmail.com,Lt Col,College of Education,BA,COUNSELING,1999,1095,,Education,Teacher,12/2/1981,Centenary Gent Mascot,Men's Baseball,,,Cell(s) contains N/A value
2,Jonah,Meyers,alfred.parker@gmail.com,Lt Col,College of Education,BA,COUNSELING,1999,1095,,Education,Teacher,12/2/1981,Centenary Gent Mascot,Men's Baseball,,,Name of the Club is not listed in Sports Club sheet
2,Jonah,Meyers,alfred.parker@gmail.com,Lt Col,College of Education,BA,COUNSELING,1999,1095,,Education,Teacher,12/2/1981,Centenary Gent Mascot,Men's Baseball,,,Employer Name is Empty even when Job Domain or Job Title is given
3,Alfredo,Randall,maeve.jacobson@yahoo.com,Dr,College of Engineering,PHD,Environmental Science & Engineering,1999,1095,ABQ Help Partners LLC,Dir. IT Applications,Computers,3/27/1900,,,,,Cell(s) contains N/A value
3,Alfredo,Randall,maeve.jacobson@yahoo.com,Dr,College of Engineering,PHD,Environmental Science & Engineering,1999,1095,ABQ Help Partners LLC,Dir. IT Applications,Computers,3/27/1900,,,,,Name of the Club is not listed in Sports Club sheet
4,April,Merritt,idell.labadie@hotmail.com,Mrs,College of Health Sciences,BS,SPCH/HEARING/LANG DI,2000,1996,Union Leader Corp.,Staff Sports Writer,Radio/ Television/ Newspaper,7/24/1981,,,,,Cell(s) contains N/A value
4,April,Merritt,idell.labadie@hotmail.com,Mrs,College of Health Sciences,BS,SPCH/HEARING/LANG DI,2000,1996,Union Leader Corp.,Staff Sports Writer,Radio/ Television/ Newspaper,7/24/1981,,,,,Name of the Club is not listed in Sports Club sheet
5,Alex,Montoya,everette52@glover.com,Mrs,College of Business Administration,BA,BUSINESS ADMINISTRATION,2006,1002,The Revolution Group,Technical Recruiter,Communications,12/13/1981,Men's Soccer,Men's Lacrosse,,,Cell(s) contains N/A value
5,Alex,Montoya,everette52@glover.com,Mrs,College of Business Administration,BA,BUSINESS ADMINISTRATION,2006,1002,The Revolution Group,Technical Recruiter,Communications,12/13/1981,Men's Soccer,Men's Lacrosse,,,Name of the Club is not listed in Sports Club sheet
6,Sullivan,Braun,gussie.carter@gerhold.org,Senator,College of Business Administration,BBA,Information systems,2008,2004,Air Canada,,Air Transportation,1/15/2091,Women's Soccer,,,,Name of the Club is not listed in Sports Club sheet
6,Sullivan,Braun,gussie.carter@gerhold.org,Senator,College of Business Administration,BBA,Information systems,2008,2004,Air Canada,,Air Transportation,1/15/2091,Women's Soccer,,,,Cell(s) contains N/A value
6,Sullivan,Braun,gussie.carter@gerhold.org,Senator,College of Business Administration,BBA,Information systems,2008,2004,Air Canada,,Air Transportation,1/15/2091,Women's Soccer,,,,Year of birth in Date of birth column has an unrealistic value
7,Ezequiel,Bolton,arvel25@yahoo.com,Dr,College of Business Administration,BBA,FINANCE,2001,1997,Aetna Life & Casualty,Ret. Ins.,,1/20/2092,,,,,Year of birth in Date of birth column has an unrealistic value
7,Ezequiel,Bolton,arvel25@yahoo.com,Dr,College of Business Administration,BBA,FINANCE,2001,1997,Aetna Life & Casualty,Ret. Ins.,,1/20/2092,,,,,Name of the Club is not listed in Sports Club sheet
7,Ezequiel,Bolton,arvel25@yahoo.com,Dr,College of Business Administration,BBA,FINANCE,2001,1997,Aetna Life & Casualty,Ret. Ins.,,1/20/2092,,,,,Cell(s) contains N/A value
8,Karlee,Alexander,erwin92@yahoo.com,Mrs,College of Education,BA,COUNSELING,2001,1997,Idexx Labs Inc.,,,8/16/1982,Women's Gymnastics,Women's Swim Team,,,Name of the Club is not listed in Sports Club sheet
8,Karlee,Alexander,erwin92@yahoo.com,Mrs,College of Education,BA,COUNSELING,2001,1997,Idexx Labs Inc.,,,8/16/1982,Women's Gymnastics,Women's Swim Team,,,Cell(s) contains N/A value
9,Rene,Lozano,wpouros@yahoo.com,Mrs,College of Health Sciences,BSED,HEALTH & PHYS EDUCATION,1995,1991,,President,Retail,5/25/1982,,,,,Cell(s) contains N/A value
9,Rene,Lozano,wpouros@yahoo.com,Mrs,College of Health Sciences,BSED,HEALTH & PHYS EDUCATION,1995,1991,,President,Retail,5/25/1982,,,,,Employer Name is Empty even when Job Domain or Job Title is given
9,Rene,Lozano,wpouros@yahoo.com,Mrs,College of Health Sciences,BSED,HEALTH & PHYS EDUCATION,1995,1991,,President,Retail,5/25/1982,,,,,Name of the Club is not listed in Sports Club sheet
10,,Mcclain,raynor.kali@braun.net,Mrs,College of Business Administration,BBA,PRE BUSINESS,2003,1099,Acuity Imaging,Principal Software Engr.,Computers,9/3/1982,Men's Golf,,,,Name of the Club is not listed in Sports Club sheet
10,,Mcclain,raynor.kali@braun.net,Mrs,College of Business Administration,BBA,PRE BUSINESS,2003,1099,Acuity Imaging,Principal Software Engr.,Computers,9/3/1982,Men's Golf,,,,Either First Name or Last Name is Blank
10,,Mcclain,raynor.kali@braun.net,Mrs,College of Business Administration,BBA,PRE BUSINESS,2003,1099,Acuity Imaging,Principal Software Engr.,Computers,9/3/1982,Men's Golf,,,,Cell(s) contains N/A value
11,Elliott,Lambert,damion.hand@kautzer.com,Captain,College of Business Administration,MBA,COMBINED MBA/MPA,1997,1993,Guardian Life Insurance Company,"Manager, National Sales Desk",,6/15/1982,,,,,Name of the Club is not listed in Sports Club sheet
11,Elliott,Lambert,damion.hand@kautzer.com,Captain,College of Business Administration,MBA,COMBINED MBA/MPA,1997,1993,Guardian Life Insurance Company,"Manager, National Sales Desk",,6/15/1982,,,,,Cell(s) contains N/A value
12,Larissa,Harrell,humberto.jacobson@gmail.com,Dr,College of Business Administration,BA,BUSINESS ADMINISTRATION,1997,1993,Issacson & Raymond PA,Lawyer,Legal,8/19/1989,Women's Tennis,,,,Name of the Club is not listed in Sports Club sheet
12,Larissa,Harrell,humberto.jacobson@gmail.com,Dr,College of Business Administration,BA,BUSINESS ADMINISTRATION,1997,1993,Issacson & Raymond PA,Lawyer,Legal,8/19/1989,Women's Tennis,,,,Cell(s) contains N/A value
13,Gauge,Oliver,prince.jakubowski@hotmail.com,Dr,College of Business Administration,MBA,COMBINED MBA/MPA,2003,1099,Wells Fargo Advisors,Retired Sr. VP/Investment Ofcr.,Securities / Commodities,12/19/1988,,,,,Cell(s) contains N/A value
13,Gauge,Oliver,prince.jakubowski@hotmail.com,Dr,College of Business Administration,MBA,COMBINED MBA/MPA,2003,1099,Wells Fargo Advisors,Retired Sr. VP/Investment Ofcr.,Securities / Commodities,12/19/1988,,,,,Name of the Club is not listed in Sports Club sheet
14,James,Santiago,awest@fay.com,Dr,College of Business Administration,BA,BUSINESS ADMINISTRATION,1998,1094,State of Conneticut Department of Corrections,Retired Criminal Psychologist,Law Enforcement,3/28/1989,Women's Tennis,Women's Gymnastics,Cheerleader,,Name of the Club is not listed in Sports Club sheet
14,James,Santiago,awest@fay.com,Dr,College of Business Administration,BA,BUSINESS ADMINISTRATION,1998,1094,State of Conneticut Department of Corrections,Retired Criminal Psychologist,Law Enforcement,3/28/1989,Women's Tennis,Women's Gymnastics,Cheerleader,,Cell(s) contains N/A value
15,Savannah,Collier,brown.krista@torp.com,Mrs,College of Business Administration,PHD,BUSINESS ADMINISTRATION,1900,2006,"Hammond Residential Real Estate, LLC",Senior Sales Associate,Real Estate,1/17/1989,,,,,Name of the Club is not listed in Sports Club sheet
15,Savannah,Collier,brown.krista@torp.com,Mrs,College of Business Administration,PHD,BUSINESS ADMINISTRATION,1900,2006,"Hammond Residential Real Estate, LLC",Senior Sales Associate,Real Estate,1/17/1989,,,,,Cell(s) contains N/A value
16,Braeden,Nichols,serenity27@yahoo.com,Ms,College of Business Administration,BBA,FINANCE,2003,1099,Maine College of Health Professions,President,Education / College,9/7/1975,Women's Riflery,,,,Name of the Club is not listed in Sports Club sheet
16,Braeden,Nichols,serenity27@yahoo.com,Ms,College of Business Administration,BBA,FINANCE,2003,1099,Maine College of Health Professions,President,Education / College,9/7/1975,Women's Riflery,,,,Cell(s) contains N/A value
17,Katrina,Blackwell,elyssa09@yahoo.com,Dr,College of Business Administration,BBA,FINANCE,2003,1099,Greater Lawrence Community Action,,Social Service Agencies,9/7/1976,Women's Soccer,,,,Name of the Club is not listed in Sports Club sheet
17,Katrina,Blackwell,elyssa09@yahoo.com,Dr,College of Business Administration,BBA,FINANCE,2003,1099,Greater Lawrence Community Action,,Social Service Agencies,9/7/1976,Women's Soccer,,,,Cell(s) contains N/A value
18,Natasha,Finley,lenore.boyer@hotmail.com,Ms,College of Business Administration,MBA,COMBINED MBA/MPA,1998,1094,St. Mary's Credit Union,Lending,Finance/Banking/Credit,9/7/1977,,,,,Cell(s) contains N/A value
18,Natasha,Finley,lenore.boyer@hotmail.com,Ms,College of Business Administration,MBA,COMBINED MBA/MPA,1998,1094,St. Mary's Credit Union,Lending,Finance/Banking/Credit,9/7/1977,,,,,Name of the Club is not listed in Sports Club sheet
19,Makena,Rogers,ghettinger@yahoo.com,Mr,College of Business Administration,MBA,COMBINED MBA/MPA,2003,1099,,Vice President amd Project Manager,Investment/Securities,9/9/1983,Cheerleader,,,,Cell(s) contains N/A value
19,Makena,Rogers,ghettinger@yahoo.com,Mr,College of Business Administration,MBA,COMBINED MBA/MPA,2003,1099,,Vice President amd Project Manager,Investment/Securities,9/9/1983,Cheerleader,,,,Name of the Club is not listed in Sports Club sheet
19,Makena,Rogers,ghettinger@yahoo.com,Mr,College of Business Administration,MBA,COMBINED MBA/MPA,2003,1099,,Vice President amd Project Manager,Investment/Securities,9/9/1983,Cheerleader,,,,Employer Name is Empty even when Job Domain or Job Title is given
20,Lucas,Durham,okreiger@yahoo.com,Lt Col,College of Business Administration,BA,ECONOMICS,1900,2006,Air Canada,,Air Transportation,9/7/1983,Women's Swim Team,,,,Name of the Club is not listed in Sports Club sheet
20,Lucas,Durham,okreiger@yahoo.com,Lt Col,College of Business Administration,BA,ECONOMICS,1900,2006,Air Canada,,Air Transportation,9/7/1983,Women's Swim Team,,,,Cell(s) contains N/A value
21,Josephine,Downs,aritchie@yahoo.com,Dr,College of Business Administration,BBA,OPERATIONS & SUPPLY CHAIN MANAGEMENT,2003,1099,Zymark Corp.,Motorola Codex,Corporate Business,9/7/1982,,,,,Name of the Club is not listed in Sports Club sheet
21,Josephine,Downs,aritchie@yahoo.com,Dr,College of Business Administration,BBA,OPERATIONS & SUPPLY CHAIN MANAGEMENT,2003,1099,Zymark Corp.,Motorola Codex,Corporate Business,9/7/1982,,,,,"College Name, Degree & Field of Study together does not match with the Course Structure sheet"
21,Josephine,Downs,aritchie@yahoo.com,Dr,College of Business Administration,BBA,OPERATIONS & SUPPLY CHAIN MANAGEMENT,2003,1099,Zymark Corp.,Motorola Codex,Corporate Business,9/7/1982,,,,,Cell(s) contains N/A value
22,Leonidas,Sawyer,wehner.theresa@gmail.com,Ms,College of Business Administration,PHD,BUSINESS ADMINISTRATION,2003,1099,Aetna Insurance,,,9/7/1983,Women's Gymnastics,,,,Name of the Club is not listed in Sports Club sheet
22,Leonidas,Sawyer,wehner.theresa@gmail.com,Ms,College of Business Administration,PHD,BUSINESS ADMINISTRATION,2003,1099,Aetna Insurance,,,9/7/1983,Women's Gymnastics,,,,Cell(s) contains N/A value
23,Donna,Burch,gaylord.bettie@bernhard.com,Madam,College of Business Administration,BA,MARKETING,2001,1997,Keenan & Associates,Senior VP,,9/9/1983,,,,,Name of the Club is not listed in Sports Club sheet
23,Donna,Burch,gaylord.bettie@bernhard.com,Madam,College of Business Administration,BA,MARKETING,2001,1997,Keenan & Associates,Senior VP,,9/9/1983,,,,,Cell(s) contains N/A value
24,Danika,Kim,stuart.oberbrunner@gmail.com,Mrs,College of Business Administration,BA,ECONOMICS,2003,1099,Aetna Life & Casualty,"Retired, Case Manager",,9/5/1984,Women's Soccer,,,,Name of the Club is not listed in Sports Club sheet
24,Danika,Kim,stuart.oberbrunner@gmail.com,Mrs,College of Business Administration,BA,ECONOMICS,2003,1099,Aetna Life & Casualty,"Retired, Case Manager",,9/5/1984,Women's Soccer,,,,Cell(s) contains N/A value
25,Easton,Peters,ryan.clemens@walsh.com,Dr,College of Business Administration,BA,GENERAL BUSINESS,2007,2003,,Dir. of Info. Svcs. & Tech.,Communications,9/6/1984,,,,,Name of the Club is not listed in Sports Club sheet
25,Easton,Peters,ryan.clemens@walsh.com,Dr,College of Business Administration,BA,GENERAL BUSINESS,2007,2003,,Dir. of Info. Svcs. & Tech.,Communications,9/6/1984,,,,,"College Name, Degree & Field of Study together does not match with the Course Structure sheet"
25,Easton,Peters,ryan.clemens@walsh.com,Dr,College of Business Administration,BA,GENERAL BUSINESS,2007,2003,,Dir. of Info. Svcs. & Tech.,Communications,9/6/1984,,,,,Employer Name is Empty even when Job Domain or Job Title is given
25,Easton,Peters,ryan.clemens@walsh.com,Dr,College of Business Administration,BA,GENERAL BUSINESS,2007,2003,,Dir. of Info. Svcs. & Tech.,Communications,9/6/1984,,,,,Cell(s) contains N/A value
26,Kelsey,Davis,onie41,Lt Col,College of Business Administration,BA,MARKETING,2000,1996,,Senior Vice President - Investments,Finance/Banking/Credit,9/5/1986,Men's Soccer,Centenary Gent Mascot,Men's Golf,,Cell(s) contains N/A value
26,Kelsey,Davis,onie41,Lt Col,College of Business Administration,BA,MARKETING,2000,1996,,Senior Vice President - Investments,Finance/Banking/Credit,9/5/1986,Men's Soccer,Centenary Gent Mascot,Men's Golf,,Employer Name is Empty even when Job Domain or Job Title is given
26,Kelsey,Davis,onie41,Lt Col,College of Business Administration,BA,MARKETING,2000,1996,,Senior Vice President - Investments,Finance/Banking/Credit,9/5/1986,Men's Soccer,Centenary Gent Mascot,Men's Golf,,Wrong Format of Email Address
26,Kelsey,Davis,onie41,Lt Col,College of Business Administration,BA,MARKETING,2000,1996,,Senior Vice President - Investments,Finance/Banking/Credit,9/5/1986,Men's Soccer,Centenary Gent Mascot,Men's Golf,,Name of the Club is not listed in Sports Club sheet
27,Rolando,Mccann,carlo.koch@brown.com,Ms,College of Business Administration,BBA,FINANCE,2001,1997,3M Healthcare,Wound Care Specialist Supervisor,Healthcare,09-09-2098,,,,,Cell(s) contains N/A value
27,Rolando,Mccann,carlo.koch@brown.com,Ms,College of Business Administration,BBA,FINANCE,2001,1997,3M Healthcare,Wound Care Specialist Supervisor,Healthcare,09-09-2098,,,,,Year of birth in Date of birth column has an unrealistic value
27,Rolando,Mccann,carlo.koch@brown.com,Ms,College of Business Administration,BBA,FINANCE,2001,1997,3M Healthcare,Wound Care Specialist Supervisor,Healthcare,09-09-2098,,,,,Name of the Club is not listed in Sports Club sheet
28,Ignacio,Stevens,tthiel@gmail.com,Ms,College of Business Administration,CER,ACCOUNTING,2007,2003,Addison Gilbert Hospital,,Healthcare,11/22/1985,Women's Tennis,,,,Name of the Club is not listed in Sports Club sheet
28,Ignacio,Stevens,tthiel@gmail.com,Ms,College of Business Administration,CER,ACCOUNTING,2007,2003,Addison Gilbert Hospital,,Healthcare,11/22/1985,Women's Tennis,,,,Cell(s) contains N/A value
29,Leilani,Foley,ashtyn.lowe@gmail.com,Mrs,College of Business Administration,BBA,PRE BUSINESS,1900,2006,York Risk Services,Claims Adjustor,Insurance,11/22/1985,,,,,Name of the Club is not listed in Sports Club sheet
29,Leilani,Foley,ashtyn.lowe@gmail.com,Mrs,College of Business Administration,BBA,PRE BUSINESS,1900,2006,York Risk Services,Claims Adjustor,Insurance,11/22/1985,,,,,Cell(s) contains N/A value
30,Kayleigh,Norman,mratke@zboncak.com,Revd,College of Business Administration,BA,GENERAL BUSINESS,2007,2003,"TASC, Inc.",,Information Technology,9/7/1985,Men's Baseball,,,,"College Name, Degree & Field of Study together does not match with the Course Structure sheet"
30,Kayleigh,Norman,mratke@zboncak.com,Revd,College of Business Administration,BA,GENERAL BUSINESS,2007,2003,"TASC, Inc.",,Information Technology,9/7/1985,Men's Baseball,,,,Cell(s) contains N/A value
30,Kayleigh,Norman,mratke@zboncak.com,Revd,College of Business Administration,BA,GENERAL BUSINESS,2007,2003,"TASC, Inc.",,Information Technology,9/7/1985,Men's Baseball,,,,Name of the Club is not listed in Sports Club sheet
31,Amy,Marquez,ines.blick@hotmail.com,Dr,College of Business Administration,MBA,COMBINED MBA/MPA,1900,2006,,Director,,9/5/1985,Women's Swim Team,,,,Name of the Club is not listed in Sports Club sheet
31,Amy,Marquez,ines.blick@hotmail.com,Dr,College of Business Administration,MBA,COMBINED MBA/MPA,1900,2006,,Director,,9/5/1985,Women's Swim Team,,,,Cell(s) contains N/A value
31,Amy,Marquez,ines.blick@hotmail.com,Dr,College of Business Administration,MBA,COMBINED MBA/MPA,1900,2006,,Director,,9/5/1985,Women's Swim Team,,,,Employer Name is Empty even when Job Domain or Job Title is given
32,Ellen,Hale,philip.powlowski@gmail.com,Mrs,College of Business Administration,BBA,OPERATIONS & SUPPLY CHAIN MANAGEMENT,2001,1997,HealthSouth New England Rehabilitation Hospital,,Healthcare,9/5/1988,,,,,Name of the Club is not listed in Sports Club sheet
32,Ellen,Hale,philip.powlowski@gmail.com,Mrs,College of Business Administration,BBA,OPERATIONS & SUPPLY CHAIN MANAGEMENT,2001,1997,HealthSouth New England Rehabilitation Hospital,,Healthcare,9/5/1988,,,,,"College Name, Degree & Field of Study together does not match with the Course Structure sheet"
32,Ellen,Hale,philip.powlowski@gmail.com,Mrs,College of Business Administration,BBA,OPERATIONS & SUPPLY CHAIN MANAGEMENT,2001,1997,HealthSouth New England Rehabilitation Hospital,,Healthcare,9/5/1988,,,,,Cell(s) contains N/A value
33,Dalton,Arias,bmedhurst@hotmail.com,Mr,College of Business Administration,MBA,COMBINED MBA/MPA,2007,2003,Acorn Animal Hospital,,,6/27/1990,,,,,Name of the Club is not listed in Sports Club sheet
33,Dalton,Arias,bmedhurst@hotmail.com,Mr,College of Business Administration,MBA,COMBINED MBA/MPA,2007,2003,Acorn Animal Hospital,,,6/27/1990,,,,,Cell(s) contains N/A value
34,Koen,Mullen,stokes.hillard@baumbach.com,Dr,College of Business Administration,BBA,PRE BUSINESS,2001,1997,St. Mary's Credit Union,Membership Ofcr./Retired Asst. Supt. of Schs.,Finance/Banking/Credit,10/8/1990,,,,,Name of the Club is not listed in Sports Club sheet
34,Koen,Mullen,stokes.hillard@baumbach.com,Dr,College of Business Administration,BBA,PRE BUSINESS,2001,1997,St. Mary's Credit Union,Membership Ofcr./Retired Asst. Supt. of Schs.,Finance/Banking/Credit,10/8/1990,,,,,Cell(s) contains N/A value
35,Casey,Perez,upagac@sporer.info,Ms,College of Business Administration,MBA,COMBINED MBA/MPA,2007,2003,NCR Corp.,IRA Coord./Analyst,Computers,6/27/1990,,,,,Name of the Club is not listed in Sports Club sheet
35,Casey,Perez,upagac@sporer.info,Ms,College of Business Administration,MBA,COMBINED MBA/MPA,2007,2003,NCR Corp.,IRA Coord./Analyst,Computers,6/27/1990,,,,,Cell(s) contains N/A value
36,,Williams,afisher@haag.com,Dr,College of Business Administration,BA,BUSINESS ADMINISTRATION,2001,1997,,System Administrator,Computers,1990-09-01 00:00:00,,,,,Cell(s) contains N/A value
36,,Williams,afisher@haag.com,Dr,College of Business Administration,BA,BUSINESS ADMINISTRATION,2001,1997,,System Administrator,Computers,1990-09-01 00:00:00,,,,,Employer Name is Empty even when Job Domain or Job Title is given
36,,Williams,afisher@haag.com,Dr,College of Business Administration,BA,BUSINESS ADMINISTRATION,2001,1997,,System Administrator,Computers,1990-09-01 00:00:00,,,,,Either First Name or Last Name is Blank
36,,Williams,afisher@haag.com,Dr,College of Business Administration,BA,BUSINESS ADMINISTRATION,2001,1997,,System Administrator,Computers,1990-09-01 00:00:00,,,,,Name of the Club is not listed in Sports Club sheet
36,,Williams,afisher@haag.com,Dr,College of Business Administration,BA,BUSINESS ADMINISTRATION,2001,1997,,System Administrator,Computers,1990-09-01 00:00:00,,,,,Wrong Format of Date of Birth
37,Lexi,Mckay,parker.howell@jast.info,Dr,College of Business Administration,BBA,PRE BUSINESS,1900,2006,Stoughton Steel,Plant Mgr.,Manufacturing / Misc,9/7/1987,,,,,Cell(s) contains N/A value
37,Lexi,Mckay,parker.howell@jast.info,Dr,College of Business Administration,BBA,PRE BUSINESS,1900,2006,Stoughton Steel,Plant Mgr.,Manufacturing / Misc,9/7/1987,,,,,Name of the Club is not listed in Sports Club sheet
38,Desmond,Roberts,mhackett@yahoo.com,Mr,College of Business Administration,PHD,BUSINESS ADMINISTRATION,2001,1997,"John J. Woodcock, III",,,9/5/1987,,,,,Name of the Club is not listed in Sports Club sheet
38,Desmond,Roberts,mhackett@yahoo.com,Mr,College of Business Administration,PHD,BUSINESS ADMINISTRATION,2001,1997,"John J. Woodcock, III",,,9/5/1987,,,,,Cell(s) contains N/A value
39,Mackenzie,Whitehead,vbrekke@goyette.com,Lt Col,College of Engineering,PHD,Environmental Science & Engineering,1900,2006,Syracuse Rsch. Corp.,Software Developer,Computers,9/7/1985,,,,,Name of the Club is not listed in Sports Club sheet
39,Mackenzie,Whitehead,vbrekke@goyette.com,Lt Col,College of Engineering,PHD,Environmental Science & Engineering,1900,2006,Syracuse Rsch. Corp.,Software Developer,Computers,9/7/1985,,,,,Cell(s) contains N/A value
40,Kael,Levy,rkovacek@gmail.com,Lt Col,College of Business Administration,BBA,OPERATIONS & SUPPLY CHAIN MANAGEMENT,2007,2003,Aetna Insurance,Clinical Nurse Case Manager,,9/6/1987,Women's Soccer,,,,Name of the Club is not listed in Sports Club sheet
40,Kael,Levy,rkovacek@gmail.com,Lt Col,College of Business Administration,BBA,OPERATIONS & SUPPLY CHAIN MANAGEMENT,2007,2003,Aetna Insurance,Clinical Nurse Case Manager,,9/6/1987,Women's Soccer,,,,Cell(s) contains N/A value
40,Kael,Levy,rkovacek@gmail.com,Lt Col,College of Business Administration,BBA,OPERATIONS & SUPPLY CHAIN MANAGEMENT,2007,2003,Aetna Insurance,Clinical Nurse Case Manager,,9/6/1987,Women's Soccer,,,,"College Name, Degree & Field of Study together does not match with the Course Structure sheet"
41,Christine,Fernandez,verna13@yahoo.com,Dr,College of Business Administration,PHD,BUSINESS ADMINISTRATION,1900,2006,"ACE Insurance Company, Ltd.",Country President & General Director,Insurance,9/6/1987,,,,,Name of the Club is not listed in Sports Club sheet
41,Christine,Fernandez,verna13@yahoo.com,Dr,College of Business Administration,PHD,BUSINESS ADMINISTRATION,1900,2006,"ACE Insurance Company, Ltd.",Country President & General Director,Insurance,9/6/1987,,,,,Cell(s) contains N/A value
42,Jayden,Tran,semmerich@wuckert.info,Captain,College of Business Administration,BBA,Information systems,1900,2006,Aegis Group at Morgan Stanley,,,9/6/1988,,,,,Name of the Club is not listed in Sports Club sheet
42,Jayden,Tran,semmerich@wuckert.info,Captain,College of Business Administration,BBA,Information systems,1900,2006,Aegis Group at Morgan Stanley,,,9/6/1988,,,,,Cell(s) contains N/A value
43,Olive,Mccarty,elwyn.johnson@quigley.com,Mrs,College of Business Administration,MBA,COMBINED MBA/MPA,1900,2006,Vernon Police Dept.,Police Ofcr.,Government/Local,10/8/1990,,,,,Name of the Club is not listed in Sports Club sheet
43,Olive,Mccarty,elwyn.johnson@quigley.com,Mrs,College of Business Administration,MBA,COMBINED MBA/MPA,1900,2006,Vernon Police Dept.,Police Ofcr.,Government/Local,10/8/1990,,,,,Cell(s) contains N/A value
44,Efrain,Bowen,shaina.boehm@muller.com,Dr,College of Business Administration,PHD,BUSINESS ADMINISTRATION,2001,1997,Grainger Industrial Supply,Branch Manager,Manufacturing / Misc,9/9/1992,Men's Baseball,,,,Cell(s) contains N/A value
44,Efrain,Bowen,shaina.boehm@muller.com,Dr,College of Business Administration,PHD,BUSINESS ADMINISTRATION,2001,1997,Grainger Industrial Supply,Branch Manager,Manufacturing / Misc,9/9/1992,Men's Baseball,,,,Name of the Club is not listed in Sports Club sheet
45,Kristen,Adkins,xconnelly@gmail.com,Ms,College of Business Administration,BBA,OPERATIONS & SUPPLY CHAIN MANAGEMENT,1996,1992,na,Attorney,Legal,9/7/1992,,,,,Cell(s) contains N/A value
45,Kristen,Adkins,xconnelly@gmail.com,Ms,College of Business Administration,BBA,OPERATIONS & SUPPLY CHAIN MANAGEMENT,1996,1992,na,Attorney,Legal,9/7/1992,,,,,"College Name, Degree & Field of Study together does not match with the Course Structure sheet"
45,Kristen,Adkins,xconnelly@gmail.com,Ms,College of Business Administration,BBA,OPERATIONS & SUPPLY CHAIN MANAGEMENT,1996,1992,na,Attorney,Legal,9/7/1992,,,,,Name of the Club is not listed in Sports Club sheet
46,Antony,Riggs,jacobs.jamil@yahoo.com,Mr,College of Health Sciences,BS,SPCH/HEARING/LANG DI,2007,2003,ABC Inc.,Account Executive,,6/22/1993,,,,,Cell(s) contains N/A value
46,Antony,Riggs,jacobs.jamil@yahoo.com,Mr,College of Health Sciences,BS,SPCH/HEARING/LANG DI,2007,2003,ABC Inc.,Account Executive,,6/22/1993,,,,,Name of the Club is not listed in Sports Club sheet
47,Asa,Hartman,jimmie37@mueller.biz,Dr,College of Business Administration,CER,ACCOUNTING,1900,2006,King Kullen Grocery Co.,Mgmt.,Retail,6/27/1990,Women's Soccer,,,,Cell(s) contains N/A value
47,Asa,Hartman,jimmie37@mueller.biz,Dr,College of Business Administration,CER,ACCOUNTING,1900,2006,King Kullen Grocery Co.,Mgmt.,Retail,6/27/1990,Women's Soccer,,,,Name of the Club is not listed in Sports Club sheet
48,Alexia,Gomez,xrosenbaum@gmail.com,Ms,College of Business Administration,MBA,COMBINED MBA/MPA,1996,1992,"Ace Tool & Mfg. Company, Inc.",VP,Manufacturing / Misc,1998-07-05 00:00:00,,,,,Cell(s) contains N/A value
48,Alexia,Gomez,xrosenbaum@gmail.com,Ms,College of Business Administration,MBA,COMBINED MBA/MPA,1996,1992,"Ace Tool & Mfg. Company, Inc.",VP,Manufacturing / Misc,1998-07-05 00:00:00,,,,,Name of the Club is not listed in Sports Club sheet
48,Alexia,Gomez,xrosenbaum@gmail.com,Ms,College of Business Administration,MBA,COMBINED MBA/MPA,1996,1992,"Ace Tool & Mfg. Company, Inc.",VP,Manufacturing / Misc,1998-07-05 00:00:00,,,,,Wrong Format of Date of Birth
49,Aleah,Ruiz,lorenzo94@daugherty.com,Dr,College of Business Administration,BBA,Information systems,1996,1992,Air Force Institute of Pathology,,Healthcare,2001-05-09 00:00:00,,,,,Wrong Format of Date of Birth
49,Aleah,Ruiz,lorenzo94@daugherty.com,Dr,College of Business Administration,BBA,Information systems,1996,1992,Air Force Institute of Pathology,,Healthcare,2001-05-09 00:00:00,,,,,Name of the Club is not listed in Sports Club sheet
49,Aleah,Ruiz,lorenzo94@daugherty.com,Dr,College of Business Administration,BBA,Information systems,1996,1992,Air Force Institute of Pathology,,Healthcare,2001-05-09 00:00:00,,,,,Cell(s) contains N/A value
50,Rowan,Goodman,elyssa09@yahoo.com,Mr,College of Business Administration,BBA,FINANCE,1996,1992,VNA Manchester,Nurse,Healthcare,1985-02-22 00:00:00,,,,,Wrong Format of Date of Birth
50,Rowan,Goodman,elyssa09@yahoo.com,Mr,College of Business Administration,BBA,FINANCE,1996,1992,VNA Manchester,Nurse,Healthcare,1985-02-22 00:00:00,,,,,Name of the Club is not listed in Sports Club sheet
50,Rowan,Goodman,elyssa09@yahoo.com,Mr,College of Business Administration,BBA,FINANCE,1996,1992,VNA Manchester,Nurse,Healthcare,1985-02-22 00:00:00,,,,,Cell(s) contains N/A value
50,Rowan,Goodman,elyssa09@yahoo.com,Mr,College of Business Administration,BBA,FINANCE,1996,1992,VNA Manchester,Nurse,Healthcare,1985-02-22 00:00:00,,,,,Contains duplicate Email
51,Davin,Barker,candida.damore@walker.com,Dr,College of Engineering,PHD,Environmental Science & Engineering,1996,1992,George Washington Univ. Hosp.,RN,Healthcare,1985-02-12 00:00:00,,,,,Name of the Club is not listed in Sports Club sheet
51,Davin,Barker,candida.damore@walker.com,Dr,College of Engineering,PHD,Environmental Science & Engineering,1996,1992,George Washington Univ. Hosp.,RN,Healthcare,1985-02-12 00:00:00,,,,,Wrong Format of Date of Birth
51,Davin,Barker,candida.damore@walker.com,Dr,College of Engineering,PHD,Environmental Science & Engineering,1996,1992,George Washington Univ. Hosp.,RN,Healthcare,1985-02-12 00:00:00,,,,,Cell(s) contains N/A value
52,Brooklyn,Conway,kub.kevin@yahoo.com,Mr,College of Business Administration,BBA,FINANCE,2007,2003,AAA Association,Sales Rep.,Travel Recreational,1985-02-07 00:00:00,Women's Riflery,,,,Wrong Format of Date of Birth
52,Brooklyn,Conway,kub.kevin@yahoo.com,Mr,College of Business Administration,BBA,FINANCE,2007,2003,AAA Association,Sales Rep.,Travel Recreational,1985-02-07 00:00:00,Women's Riflery,,,,Name of the Club is not listed in Sports Club sheet
52,Brooklyn,Conway,kub.kevin@yahoo.com,Mr,College of Business Administration,BBA,FINANCE,2007,2003,AAA Association,Sales Rep.,Travel Recreational,1985-02-07 00:00:00,Women's Riflery,,,,Cell(s) contains N/A value
53,Keyla,Ewing,johnathon46@yundt.com,Ms,College of Business Administration,MBA,COMBINED MBA/MPA,1014,2010,Aetna Insurance,,Insurance,11-11-9999,,,,,Cell(s) contains N/A value
53,Keyla,Ewing,johnathon46@yundt.com,Ms,College of Business Administration,MBA,COMBINED MBA/MPA,1014,2010,Aetna Insurance,,Insurance,11-11-9999,,,,,Name of the Club is not listed in Sports Club sheet
53,Keyla,Ewing,johnathon46@yundt.com,Ms,College of Business Administration,MBA,COMBINED MBA/MPA,1014,2010,Aetna Insurance,,Insurance,11-11-9999,,,,,Wrong Format of Date of Birth
54,Adrienne,Conner,thelma62@koelpin,Ms,College of Business Administration,MA,ECONOMICS,2005,2001,Adams Hospital,,,1985-02-20 00:00:00,Men's Golf,,,,Name of the Club is not listed in Sports Club sheet
54,Adrienne,Conner,thelma62@koelpin,Ms,College of Business Administration,MA,ECONOMICS,2005,2001,Adams Hospital,,,1985-02-20 00:00:00,Men's Golf,,,,Cell(s) contains N/A value
54,Adrienne,Conner,thelma62@koelpin,Ms,College of Business Administration,MA,ECONOMICS,2005,2001,Adams Hospital,,,1985-02-20 00:00:00,Men's Golf,,,,"College Name, Degree & Field of Study together does not match with the Course Structure sheet"
54,Adrienne,Conner,thelma62@koelpin,Ms,College of Business Administration,MA,ECONOMICS,2005,2001,Adams Hospital,,,1985-02-20 00:00:00,Men's Golf,,,,Wrong Format of Date of Birth
55,Craig,Park,bogan.carolyne@haag.info,Lt Col,College of Business Administration,BBA,FINANCE,2007,2003,"AfterMarket Consultants, Inc.",,,1985-02-22 00:00:00,,,,,Name of the Club is not listed in Sports Club sheet
55,Craig,Park,bogan.carolyne@haag.info,Lt Col,College of Business Administration,BBA,FINANCE,2007,2003,"AfterMarket Consultants, Inc.",,,1985-02-22 00:00:00,,,,,Wrong Format of Date of Birth
55,Craig,Park,bogan.carolyne@haag.info,Lt Col,College of Business Administration,BBA,FINANCE,2007,2003,"AfterMarket Consultants, Inc.",,,1985-02-22 00:00:00,,,,,Cell(s) contains N/A value
56,Rex,Archer,domenick05@miller.com,Dr,College of Business Administration,BBA,FINANCE,1014,2010,Holy Family School,,Education,16-03-1989,,,,,Cell(s) contains N/A value
56,Rex,Archer,domenick05@miller.com,Dr,College of Business Administration,BBA,FINANCE,1014,2010,Holy Family School,,Education,16-03-1989,,,,,Name of the Club is not listed in Sports Club sheet
57,Leah,Bernard,shakira49@hotmail.com,Mrs,College of Health Sciences,BSED,HEALTH & PHYS EDUCATION,2005,2001,"Adler, Cohen, Harvey, Wakeman & Guekguezion, LLP",Attorney,,1985-02-09 00:00:00,,,,,Cell(s) contains N/A value
57,Leah,Bernard,shakira49@hotmail.com,Mrs,College of Health Sciences,BSED,HEALTH & PHYS EDUCATION,2005,2001,"Adler, Cohen, Harvey, Wakeman & Guekguezion, LLP",Attorney,,1985-02-09 00:00:00,,,,,Wrong Format of Date of Birth
57,Leah,Bernard,shakira49@hotmail.com,Mrs,College of Health Sciences,BSED,HEALTH & PHYS EDUCATION,2005,2001,"Adler, Cohen, Harvey, Wakeman & Guekguezion, LLP",Attorney,,1985-02-09 00:00:00,,,,,Name of the Club is not listed in Sports Club sheet
58,Harper,Tapia,richmond.williamson@romaguera.net,Mr,College of Health Sciences,BSED,KINESIOLOGY,2007,2003,,Customer Support,,1985-02-26 00:00:00,Women's Tennis,,,,Cell(s) contains N/A value
58,Harper,Tapia,richmond.williamson@romaguera.net,Mr,College of Health Sciences,BSED,KINESIOLOGY,2007,2003,,Customer Support,,1985-02-26 00:00:00,Women's Tennis,,,,Wrong Format of Date of Birth
58,Harper,Tapia,richmond.williamson@romaguera.net,Mr,College of Health Sciences,BSED,KINESIOLOGY,2007,2003,,Customer Support,,1985-02-26 00:00:00,Women's Tennis,,,,Name of the Club is not listed in Sports Club sheet
58,Harper,Tapia,richmond.williamson@romaguera.net,Mr,College of Health Sciences,BSED,KINESIOLOGY,2007,2003,,Customer Support,,1985-02-26 00:00:00,Women's Tennis,,,,Employer Name is Empty even when Job Domain or Job Title is given
59,Ethan,Wood,raynor.kali@braun.net,Mr,College of Business Administration,BBA,PRE BUSINESS,2005,2001,Adecco,Home Maker,,1985-02-19 00:00:00,,,,,Cell(s) contains N/A value
59,Ethan,Wood,raynor.kali@braun.net,Mr,College of Business Administration,BBA,PRE BUSINESS,2005,2001,Adecco,Home Maker,,1985-02-19 00:00:00,,,,,Name of the Club is not listed in Sports Club sheet
59,Ethan,Wood,raynor.kali@braun.net,Mr,College of Business Administration,BBA,PRE BUSINESS,2005,2001,Adecco,Home Maker,,1985-02-19 00:00:00,,,,,Wrong Format of Date of Birth
59,Ethan,Wood,raynor.kali@braun.net,Mr,College of Business Administration,BBA,PRE BUSINESS,2005,2001,Adecco,Home Maker,,1985-02-19 00:00:00,,,,,Contains duplicate Email
60,Rachel,Frederick,armando73@gmail.com,Dr,College of Business Administration,BBA,PRE BUSINESS,2007,2003,,,,19-12-1998,,,,,Name of the Club is not listed in Sports Club sheet
60,Rachel,Frederick,armando73@gmail.com,Dr,College of Business Administration,BBA,PRE BUSINESS,2007,2003,,,,19-12-1998,,,,,Cell(s) contains N/A value
61,Nehemiah,Delacruz,tbotsford@mills.com,Dr,College of Business Administration,BBA,PRE BUSINESS,1014,2010,The Bowdoin Group,Senior Consultant,Software,1985-02-20 00:00:00,Women's Riflery,,,,Name of the Club is not listed in Sports Club sheet
61,Nehemiah,Delacruz,tbotsford@mills.com,Dr,College of Business Administration,BBA,PRE BUSINESS,1014,2010,The Bowdoin Group,Senior Consultant,Software,1985-02-20 00:00:00,Women's Riflery,,,,Cell(s) contains N/A value
61,Nehemiah,Delacruz,tbotsford@mills.com,Dr,College of Business Administration,BBA,PRE BUSINESS,1014,2010,The Bowdoin Group,Senior Consultant,Software,1985-02-20 00:00:00,Women's Riflery,,,,Wrong Format of Date of Birth
62,Parker,Rivas,skyla87@hotmail.com,Mr,College of Business Administration,BBA,FINANCE,2005,2001,Harvard Medical School-Department of Cell Biology,Postdoctoral Fellow,Science,1985-02-10 00:00:00,,,,,Name of the Club is not listed in Sports Club sheet
62,Parker,Rivas,skyla87@hotmail.com,Mr,College of Business Administration,BBA,FINANCE,2005,2001,Harvard Medical School-Department of Cell Biology,Postdoctoral Fellow,Science,1985-02-10 00:00:00,,,,,Cell(s) contains N/A value
62,Parker,Rivas,skyla87@hotmail.com,Mr,College of Business Administration,BBA,FINANCE,2005,2001,Harvard Medical School-Department of Cell Biology,Postdoctoral Fellow,Science,1985-02-10 00:00:00,,,,,Wrong Format of Date of Birth
63,Brady,Banks,ikohler@yahoo.com,Mr,College of Business Administration,BA,BUSINESS ADMINISTRATION,2005,2001,Abington Junior High School,Paraprofessional,Education,1988-04-24 00:00:00,Women's Gymnastics,,,,Name of the Club is not listed in Sports Club sheet
63,Brady,Banks,ikohler@yahoo.com,Mr,College of Business Administration,BA,BUSINESS ADMINISTRATION,2005,2001,Abington Junior High School,Paraprofessional,Education,1988-04-24 00:00:00,Women's Gymnastics,,,,Cell(s) contains N/A value
63,Brady,Banks,ikohler@yahoo.com,Mr,College of Business Administration,BA,BUSINESS ADMINISTRATION,2005,2001,Abington Junior High School,Paraprofessional,Education,1988-04-24 00:00:00,Women's Gymnastics,,,,Wrong Format of Date of Birth
64,Andres,Ritter,danika.mertz@yahoo.com,Mr,College of Business Administration,BA,MARKETING,1014,2010,The Davis Company,Property Accountant,,1988-04-02 00:00:00,,,,,Name of the Club is not listed in Sports Club sheet
64,Andres,Ritter,danika.mertz@yahoo.com,Mr,College of Business Administration,BA,MARKETING,1014,2010,The Davis Company,Property Accountant,,1988-04-02 00:00:00,,,,,Cell(s) contains N/A value
64,Andres,Ritter,danika.mertz@yahoo.com,Mr,College of Business Administration,BA,MARKETING,1014,2010,The Davis Company,Property Accountant,,1988-04-02 00:00:00,,,,,Wrong Format of Date of Birth
65,Declan,Ramos,hegmann.rhett@yahoo.com,Mr,College of Business Administration,PHD,BUSINESS ADMINISTRATION,1014,2010,Grafton Public Schools,7th grade Social Studies Teacher,Education / Junior High,1988-04-18 00:00:00,,,,,Name of the Club is not listed in Sports Club sheet
65,Declan,Ramos,hegmann.rhett@yahoo.com,Mr,College of Business Administration,PHD,BUSINESS ADMINISTRATION,1014,2010,Grafton Public Schools,7th grade Social Studies Teacher,Education / Junior High,1988-04-18 00:00:00,,,,,Cell(s) contains N/A value
65,Declan,Ramos,hegmann.rhett@yahoo.com,Mr,College of Business Administration,PHD,BUSINESS ADMINISTRATION,1014,2010,Grafton Public Schools,7th grade Social Studies Teacher,Education / Junior High,1988-04-18 00:00:00,,,,,Wrong Format of Date of Birth
66,Cheyenne,George,ztillman@erdman.net,Lt Col,College of Business Administration,MBA,COMBINED MBA/MPA,2007,2003,Germaine Lawrence,,Counseling,1988-04-29 00:00:00,Women's Soccer,,,,Name of the Club is not listed in Sports Club sheet
66,Cheyenne,George,ztillman@erdman.net,Lt Col,College of Business Administration,MBA,COMBINED MBA/MPA,2007,2003,Germaine Lawrence,,Counseling,1988-04-29 00:00:00,Women's Soccer,,,,Cell(s) contains N/A value
66,Cheyenne,George,ztillman@erdman.net,Lt Col,College of Business Administration,MBA,COMBINED MBA/MPA,2007,2003,Germaine Lawrence,,Counseling,1988-04-29 00:00:00,Women's Soccer,,,,Wrong Format of Date of Birth
67,Mollie,Myers,josianne38@heidenreich.com,Ms,College of Business Administration,BBA,FINANCE,2007,2003,,President,,1988-04-14 00:00:00,,,,,Name of the Club is not listed in Sports Club sheet
67,Mollie,Myers,josianne38@heidenreich.com,Ms,College of Business Administration,BBA,FINANCE,2007,2003,,President,,1988-04-14 00:00:00,,,,,Cell(s) contains N/A value
67,Mollie,Myers,josianne38@heidenreich.com,Ms,College of Business Administration,BBA,FINANCE,2007,2003,,President,,1988-04-14 00:00:00,,,,,Employer Name is Empty even when Job Domain or Job Title is given
67,Mollie,Myers,josianne38@heidenreich.com,Ms,College of Business Administration,BBA,FINANCE,2007,2003,,President,,1988-04-14 00:00:00,,,,,Wrong Format of Date of Birth
68,Lillie,Brady,trippin@boyle.org,Captain,College of Business Administration,MBA,COMBINED MBA/MPA,2005,2001,Paymentech Inc.,Acct.,,1988-04-11 00:00:00,,,,,Wrong Format of Date of Birth
68,Lillie,Brady,trippin@boyle.org,Captain,College of Business Administration,MBA,COMBINED MBA/MPA,2005,2001,Paymentech Inc.,Acct.,,1988-04-11 00:00:00,,,,,Name of the Club is not listed in Sports Club sheet
68,Lillie,Brady,trippin@boyle.org,Captain,College of Business Administration,MBA,COMBINED MBA/MPA,2005,2001,Paymentech Inc.,Acct.,,1988-04-11 00:00:00,,,,,Cell(s) contains N/A value
69,Adonis,Sosa,stokes.matilda@yahoo.com,Ms,College of Business Administration,BA,MARKETING,2007,2003,Cape Cod Hospital,Director/Critical Pathways/Caremaps,Healthcare,1988-04-20 00:00:00,Men's Golf,,,,Name of the Club is not listed in Sports Club sheet
69,Adonis,Sosa,stokes.matilda@yahoo.com,Ms,College of Business Administration,BA,MARKETING,2007,2003,Cape Cod Hospital,Director/Critical Pathways/Caremaps,Healthcare,1988-04-20 00:00:00,Men's Golf,,,,Cell(s) contains N/A value
69,Adonis,Sosa,stokes.matilda@yahoo.com,Ms,College of Business Administration,BA,MARKETING,2007,2003,Cape Cod Hospital,Director/Critical Pathways/Caremaps,Healthcare,1988-04-20 00:00:00,Men's Golf,,,,Wrong Format of Date of Birth
70,Azaria,Andrade,eliezer.kling@@hermann.info,Dr,College of Business Administration,BA,BUSINESS ADMINISTRATION,2003,1099,Down East Autobody,Office Manager,Automotive,April-1988,,,,,Cell(s) contains N/A value
70,Azaria,Andrade,eliezer.kling@@hermann.info,Dr,College of Business Administration,BA,BUSINESS ADMINISTRATION,2003,1099,Down East Autobody,Office Manager,Automotive,April-1988,,,,,Wrong Format of Email Address
70,Azaria,Andrade,eliezer.kling@@hermann.info,Dr,College of Business Administration,BA,BUSINESS ADMINISTRATION,2003,1099,Down East Autobody,Office Manager,Automotive,April-1988,,,,,Wrong Format of Date of Birth
70,Azaria,Andrade,eliezer.kling@@hermann.info,Dr,College of Business Administration,BA,BUSINESS ADMINISTRATION,2003,1099,Down East Autobody,Office Manager,Automotive,April-1988,,,,,Name of the Club is not listed in Sports Club sheet
71,Reagan,Ellis,flo75@yahoo.com,Mrs,College of Business Administration,BBA,PRE BUSINESS,2001,1997,Keene HS,Math Tchr.,Education / High School,1988-04-21 00:00:00,Women's Gymnastics,,,,Cell(s) contains N/A value
71,Reagan,Ellis,flo75@yahoo.com,Mrs,College of Business Administration,BBA,PRE BUSINESS,2001,1997,Keene HS,Math Tchr.,Education / High School,1988-04-21 00:00:00,Women's Gymnastics,,,,Name of the Club is not listed in Sports Club sheet
71,Reagan,Ellis,flo75@yahoo.com,Mrs,College of Business Administration,BBA,PRE BUSINESS,2001,1997,Keene HS,Math Tchr.,Education / High School,1988-04-21 00:00:00,Women's Gymnastics,,,,Wrong Format of Date of Birth
72,Amelie,Hooper,rickey.predovic@weimann.com,Ms,College of Business Administration,BBA,PRE BUSINESS,2007,2003,Meridian Capital Markets,Finacial Services,Real Estate,1990-02-12 00:00:00,,,,,Wrong Format of Date of Birth
72,Amelie,Hooper,rickey.predovic@weimann.com,Ms,College of Business Administration,BBA,PRE BUSINESS,2007,2003,Meridian Capital Markets,Finacial Services,Real Estate,1990-02-12 00:00:00,,,,,Cell(s) contains N/A value
72,Amelie,Hooper,rickey.predovic@weimann.com,Ms,College of Business Administration,BBA,PRE BUSINESS,2007,2003,Meridian Capital Markets,Finacial Services,Real Estate,1990-02-12 00:00:00,,,,,Name of the Club is not listed in Sports Club sheet
73,Hallie,Ramirez,kimberly22@gmail.com,Mrs,College of Business Administration,PHD,BUSINESS ADMINISTRATION,2003,1099,Rockland Trust Company,"Senior VP/Regional Manager, Corporate Banking",,1988-04-21 00:00:00,Women's Tennis,,,,Cell(s) contains N/A value
73,Hallie,Ramirez,kimberly22@gmail.com,Mrs,College of Business Administration,PHD,BUSINESS ADMINISTRATION,2003,1099,Rockland Trust Company,"Senior VP/Regional Manager, Corporate Banking",,1988-04-21 00:00:00,Women's Tennis,,,,Name of the Club is not listed in Sports Club sheet
73,Hallie,Ramirez,kimberly22@gmail.com,Mrs,College of Business Administration,PHD,BUSINESS ADMINISTRATION,2003,1099,Rockland Trust Company,"Senior VP/Regional Manager, Corporate Banking",,1988-04-21 00:00:00,Women's Tennis,,,,Wrong Format of Date of Birth
74,Cory,Becker,acrona@fahey,Dr,College of Business Administration,BBA,PRE BUSINESS,1999,1095,Massachusetts Maritime Academy,,Government/State,2000,,,,,Wrong Format of Date of Birth
74,Cory,Becker,acrona@fahey,Dr,College of Business Administration,BBA,PRE BUSINESS,1999,1095,Massachusetts Maritime Academy,,Government/State,2000,,,,,Name of the Club is not listed in Sports Club sheet
74,Cory,Becker,acrona@fahey,Dr,College of Business Administration,BBA,PRE BUSINESS,1999,1095,Massachusetts Maritime Academy,,Government/State,2000,,,,,Cell(s) contains N/A value
75,Amelie,Stewart,cpurdy@kessler.com,Senator,College of Business Administration,BA,GENERAL BUSINESS,1014,2010,The Hartford Financial Svcs. Grp.,"Mgr., Assumed Reinsurance Claims",Insurance,1988-04-11 00:00:00,,,,,"College Name, Degree & Field of Study together does not match with the Course Structure sheet"
75,Amelie,Stewart,cpurdy@kessler.com,Senator,College of Business Administration,BA,GENERAL BUSINESS,1014,2010,The Hartford Financial Svcs. Grp.,"Mgr., Assumed Reinsurance Claims",Insurance,1988-04-11 00:00:00,,,,,Cell(s) contains N/A value
75,Amelie,Stewart,cpurdy@kessler.com,Senator,College of Business Administration,BA,GENERAL BUSINESS,1014,2010,The Hartford Financial Svcs. Grp.,"Mgr., Assumed Reinsurance Claims",Insurance,1988-04-11 00:00:00,,,,,Name of the Club is not listed in Sports Club sheet
75,Amelie,Stewart,cpurdy@kessler.com,Senator,College of Business Administration,BA,GENERAL BUSINESS,1014,2010,The Hartford Financial Svcs. Grp.,"Mgr., Assumed Reinsurance Claims",Insurance,1988-04-11 00:00:00,,,,,Wrong Format of Date of Birth
76,Aleah,Wang,vfisher,General,College of Education,BA,COUNSELING,1002,1998,Sun Coast Inc.,,Finance/Banking/Credit,1988-04-07 00:00:00,Men's Cross Country,,,,Name of the Club is not listed in Sports Club sheet
76,Aleah,Wang,vfisher,General,College of Education,BA,COUNSELING,1002,1998,Sun Coast Inc.,,Finance/Banking/Credit,1988-04-07 00:00:00,Men's Cross Country,,,,Wrong Format of Email Address
76,Aleah,Wang,vfisher,General,College of Education,BA,COUNSELING,1002,1998,Sun Coast Inc.,,Finance/Banking/Credit,1988-04-07 00:00:00,Men's Cross Country,,,,Cell(s) contains N/A value
76,Aleah,Wang,vfisher,General,College of Education,BA,COUNSELING,1002,1998,Sun Coast Inc.,,Finance/Banking/Credit,1988-04-07 00:00:00,Men's Cross Country,,,,Wrong Format of Date of Birth
77,Ashlynn,Mullen,omari.mccullough@koss.com,Ms,College of Health Sciences,BSED,HEALTH & PHYS EDUCATION,1002,1998,Managed Healthcare Ltd.,"Retired, President/ CEO",Healthcare,1990-09-18 00:00:00,,,,,Cell(s) contains N/A value
77,Ashlynn,Mullen,omari.mccullough@koss.com,Ms,College of Health Sciences,BSED,HEALTH & PHYS EDUCATION,1002,1998,Managed Healthcare Ltd.,"Retired, President/ CEO",Healthcare,1990-09-18 00:00:00,,,,,Wrong Format of Date of Birth
77,Ashlynn,Mullen,omari.mccullough@koss.com,Ms,College of Health Sciences,BSED,HEALTH & PHYS EDUCATION,1002,1998,Managed Healthcare Ltd.,"Retired, President/ CEO",Healthcare,1990-09-18 00:00:00,,,,,Name of the Club is not listed in Sports Club sheet
78,Sarah,Mcgrath,ycruickshank@hartmann.net,Ms,College of Health Sciences,BS,SPCH/HEARING/LANG DI,2003,1099,,Healthcare,,1988-04-27 00:00:00,,,,,Employer Name is Empty even when Job Domain or Job Title is given
78,Sarah,Mcgrath,ycruickshank@hartmann.net,Ms,College of Health Sciences,BS,SPCH/HEARING/LANG DI,2003,1099,,Healthcare,,1988-04-27 00:00:00,,,,,Wrong Format of Date of Birth
78,Sarah,Mcgrath,ycruickshank@hartmann.net,Ms,College of Health Sciences,BS,SPCH/HEARING/LANG DI,2003,1099,,Healthcare,,1988-04-27 00:00:00,,,,,Name of the Club is not listed in Sports Club sheet
78,Sarah,Mcgrath,ycruickshank@hartmann.net,Ms,College of Health Sciences,BS,SPCH/HEARING/LANG DI,2003,1099,,Healthcare,,1988-04-27 00:00:00,,,,,Cell(s) contains N/A value
79,,Sheppard,destini50@beier.com,Ms,College of Business Administration,BA,BUSINESS ADMINISTRATION,2003,1099,"Convexity Capital Management, LP",Director of Client Services,,1988-04-25 00:00:00,,,,,Wrong Format of Date of Birth
79,,Sheppard,destini50@beier.com,Ms,College of Business Administration,BA,BUSINESS ADMINISTRATION,2003,1099,"Convexity Capital Management, LP",Director of Client Services,,1988-04-25 00:00:00,,,,,Name of the Club is not listed in Sports Club sheet
79,,Sheppard,destini50@beier.com,Ms,College of Business Administration,BA,BUSINESS ADMINISTRATION,2003,1099,"Convexity Capital Management, LP",Director of Client Services,,1988-04-25 00:00:00,,,,,Either First Name or Last Name is Blank
79,,Sheppard,destini50@beier.com,Ms,College of Business Administration,BA,BUSINESS ADMINISTRATION,2003,1099,"Convexity Capital Management, LP",Director of Client Services,,1988-04-25 00:00:00,,,,,Cell(s) contains N/A value
80,Alisha,Whitehead,ztillman@erdman.net,Dr,College of Business Administration,MBA,COMBINED MBA/MPA,2003,1099,Ohaus Corp.,,Corporate Business,1988-04-29 00:00:00,Women's Gymnastics,,,,Wrong Format of Date of Birth
80,Alisha,Whitehead,ztillman@erdman.net,Dr,College of Business Administration,MBA,COMBINED MBA/MPA,2003,1099,Ohaus Corp.,,Corporate Business,1988-04-29 00:00:00,Women's Gymnastics,,,,Contains duplicate Email
80,Alisha,Whitehead,ztillman@erdman.net,Dr,College of Business Administration,MBA,COMBINED MBA/MPA,2003,1099,Ohaus Corp.,,Corporate Business,1988-04-29 00:00:00,Women's Gymnastics,,,,Cell(s) contains N/A value
80,Alisha,Whitehead,ztillman@erdman.net,Dr,College of Business Administration,MBA,COMBINED MBA/MPA,2003,1099,Ohaus Corp.,,Corporate Business,1988-04-29 00:00:00,Women's Gymnastics,,,,Name of the Club is not listed in Sports Club sheet
81,Cornelius,Dixon,nigel28@yahoo.com,General,College of Business Administration,BBA,FINANCE,1002,1998,na,,Healthcare,1988-04-04 00:00:00,,,,,Wrong Format of Date of Birth
81,Cornelius,Dixon,nigel28@yahoo.com,General,College of Business Administration,BBA,FINANCE,1002,1998,na,,Healthcare,1988-04-04 00:00:00,,,,,Cell(s) contains N/A value
81,Cornelius,Dixon,nigel28@yahoo.com,General,College of Business Administration,BBA,FINANCE,1002,1998,na,,Healthcare,1988-04-04 00:00:00,,,,,Name of the Club is not listed in Sports Club sheet
82,Maeve,Chaney,ora.reichel@gmail.com,Dr,College of Business Administration,BBA,FINANCE,2003,1099,Hogan Eye Associates,,Healthcare,2003,,,,,Wrong Format of Date of Birth
82,Maeve,Chaney,ora.reichel@gmail.com,Dr,College of Business Administration,BBA,FINANCE,2003,1099,Hogan Eye Associates,,Healthcare,2003,,,,,Name of the Club is not listed in Sports Club sheet
82,Maeve,Chaney,ora.reichel@gmail.com,Dr,College of Business Administration,BBA,FINANCE,2003,1099,Hogan Eye Associates,,Healthcare,2003,,,,,Cell(s) contains N/A value
83,Josh,Shaw,vkling@upton.com,Mr,College of Business Administration,BA,MARKETING,2007,2003,,,,1988-04-26 00:00:00,,,,,Cell(s) contains N/A value
83,Josh,Shaw,vkling@upton.com,Mr,College of Business Administration,BA,MARKETING,2007,2003,,,,1988-04-26 00:00:00,,,,,Wrong Format of Date of Birth
83,Josh,Shaw,vkling@upton.com,Mr,College of Business Administration,BA,MARKETING,2007,2003,,,,1988-04-26 00:00:00,,,,,Name of the Club is not listed in Sports Club sheet
84,Blaze,Hunter,tiffany.ledner@goyette.com,General,College of Business Administration,PHD,BUSINESS ADMINISTRATION,2003,1099,Boch Honda,Sales Mgr.,,1988-04-30 00:00:00,,,,,Wrong Format of Date of Birth
84,Blaze,Hunter,tiffany.ledner@goyette.com,General,College of Business Administration,PHD,BUSINESS ADMINISTRATION,2003,1099,Boch Honda,Sales Mgr.,,1988-04-30 00:00:00,,,,,Cell(s) contains N/A value
84,Blaze,Hunter,tiffany.ledner@goyette.com,General,College of Business Administration,PHD,BUSINESS ADMINISTRATION,2003,1099,Boch Honda,Sales Mgr.,,1988-04-30 00:00:00,,,,,Name of the Club is not listed in Sports Club sheet
85,Kian,Weber,ulangworth.com,Mrs,College of Business Administration,BBA,Information systems,1002,1998,Charters Ins.,Asst. Chief Counsel,Insurance,1988-04-23 00:00:00,,,,,Cell(s) contains N/A value
85,Kian,Weber,ulangworth.com,Mrs,College of Business Administration,BBA,Information systems,1002,1998,Charters Ins.,Asst. Chief Counsel,Insurance,1988-04-23 00:00:00,,,,,Wrong Format of Email Address
85,Kian,Weber,ulangworth.com,Mrs,College of Business Administration,BBA,Information systems,1002,1998,Charters Ins.,Asst. Chief Counsel,Insurance,1988-04-23 00:00:00,,,,,Name of the Club is not listed in Sports Club sheet
85,Kian,Weber,ulangworth.com,Mrs,College of Business Administration,BBA,Information systems,1002,1998,Charters Ins.,Asst. Chief Counsel,Insurance,1988-04-23 00:00:00,,,,,Wrong Format of Date of Birth
86,,Henderson,glenda.turner@tromp.biz,Dr,College of Business Administration,MBA,COMBINED MBA/MPA,2007,2003,,Natl. Sales Mgr.,Industry Unknown,1988-04-12 00:00:00,Men's Baseball,,,,Cell(s) contains N/A value
86,,Henderson,glenda.turner@tromp.biz,Dr,College of Business Administration,MBA,COMBINED MBA/MPA,2007,2003,,Natl. Sales Mgr.,Industry Unknown,1988-04-12 00:00:00,Men's Baseball,,,,Either First Name or Last Name is Blank
86,,Henderson,glenda.turner@tromp.biz,Dr,College of Business Administration,MBA,COMBINED MBA/MPA,2007,2003,,Natl. Sales Mgr.,Industry Unknown,1988-04-12 00:00:00,Men's Baseball,,,,Employer Name is Empty even when Job Domain or Job Title is given
86,,Henderson,glenda.turner@tromp.biz,Dr,College of Business Administration,MBA,COMBINED MBA/MPA,2007,2003,,Natl. Sales Mgr.,Industry Unknown,1988-04-12 00:00:00,Men's Baseball,,,,Wrong Format of Date of Birth
86,,Henderson,glenda.turner@tromp.biz,Dr,College of Business Administration,MBA,COMBINED MBA/MPA,2007,2003,,Natl. Sales Mgr.,Industry Unknown,1988-04-12 00:00:00,Men's Baseball,,,,Name of the Club is not listed in Sports Club sheet
87,Dwayne,Ford,cruz95@gmail.com,Mr,College of Business Administration,BBA,PRE BUSINESS,2000,1996,,QA Testing,Information Technology,1988-04-22 00:00:00,,,,,Employer Name is Empty even when Job Domain or Job Title is given
87,Dwayne,Ford,cruz95@gmail.com,Mr,College of Business Administration,BBA,PRE BUSINESS,2000,1996,,QA Testing,Information Technology,1988-04-22 00:00:00,,,,,Wrong Format of Date of Birth
87,Dwayne,Ford,cruz95@gmail.com,Mr,College of Business Administration,BBA,PRE BUSINESS,2000,1996,,QA Testing,Information Technology,1988-04-22 00:00:00,,,,,Cell(s) contains N/A value
87,Dwayne,Ford,cruz95@gmail.com,Mr,College of Business Administration,BBA,PRE BUSINESS,2000,1996,,QA Testing,Information Technology,1988-04-22 00:00:00,,,,,Name of the Club is not listed in Sports Club sheet
88,Larry,Bolton,cwisoky@hotmail.com,Revd,College of Education,BA,COUNSELING,1994,1990,Jeff Forsythe@Success Real Estate,Real Estate Consultant,Real Estate,1978,Men's Cross Country,,,,Cell(s) contains N/A value
88,Larry,Bolton,cwisoky@hotmail.com,Revd,College of Education,BA,COUNSELING,1994,1990,Jeff Forsythe@Success Real Estate,Real Estate Consultant,Real Estate,1978,Men's Cross Country,,,,Wrong Format of Date of Birth
88,Larry,Bolton,cwisoky@hotmail.com,Revd,College of Education,BA,COUNSELING,1994,1990,Jeff Forsythe@Success Real Estate,Real Estate Consultant,Real Estate,1978,Men's Cross Country,,,,Name of the Club is not listed in Sports Club sheet
89,Cameron,Johns,aritchie@yahoo.com,Captain,College of Business Administration,MA,ECONOMICS,2007,2003,ACE Tool & Mfg.,"President, retired",Manufacturing/ Rubber/Plastics,1992-02-09 00:00:00,,,,,"College Name, Degree & Field of Study together does not match with the Course Structure sheet"
89,Cameron,Johns,aritchie@yahoo.com,Captain,College of Business Administration,MA,ECONOMICS,2007,2003,ACE Tool & Mfg.,"President, retired",Manufacturing/ Rubber/Plastics,1992-02-09 00:00:00,,,,,Wrong Format of Date of Birth
89,Cameron,Johns,aritchie@yahoo.com,Captain,College of Business Administration,MA,ECONOMICS,2007,2003,ACE Tool & Mfg.,"President, retired",Manufacturing/ Rubber/Plastics,1992-02-09 00:00:00,,,,,Contains duplicate Email
89,Cameron,Johns,aritchie@yahoo.com,Captain,College of Business Administration,MA,ECONOMICS,2007,2003,ACE Tool & Mfg.,"President, retired",Manufacturing/ Rubber/Plastics,1992-02-09 00:00:00,,,,,Cell(s) contains N/A value
89,Cameron,Johns,aritchie@yahoo.com,Captain,College of Business Administration,MA,ECONOMICS,2007,2003,ACE Tool & Mfg.,"President, retired",Manufacturing/ Rubber/Plastics,1992-02-09 00:00:00,,,,,Name of the Club is not listed in Sports Club sheet
90,Heidy,Shea,bveum@schamberger.info,Ms,College of Business Administration,BBA,PRE BUSINESS,1002,1998,Hammond Residential Real Estate,Sales Associate/Rental Specialist,,1988-04-15 00:00:00,,,,,Cell(s) contains N/A value
90,Heidy,Shea,bveum@schamberger.info,Ms,College of Business Administration,BBA,PRE BUSINESS,1002,1998,Hammond Residential Real Estate,Sales Associate/Rental Specialist,,1988-04-15 00:00:00,,,,,Wrong Format of Date of Birth
90,Heidy,Shea,bveum@schamberger.info,Ms,College of Business Administration,BBA,PRE BUSINESS,1002,1998,Hammond Residential Real Estate,Sales Associate/Rental Specialist,,1988-04-15 00:00:00,,,,,Name of the Club is not listed in Sports Club sheet
91,Kian,Gamble,brenden35@gmail.com,Mrs,College of Business Administration,BBA,PRE BUSINESS,1011,2007,N H Symphony,,Musical,1990-02-12 00:00:00,,,,,Wrong Format of Date of Birth
91,Kian,Gamble,brenden35@gmail.com,Mrs,College of Business Administration,BBA,PRE BUSINESS,1011,2007,N H Symphony,,Musical,1990-02-12 00:00:00,,,,,Name of the Club is not listed in Sports Club sheet
91,Kian,Gamble,brenden35@gmail.com,Mrs,College of Business Administration,BBA,PRE BUSINESS,1011,2007,N H Symphony,,Musical,1990-02-12 00:00:00,,,,,Cell(s) contains N/A value
92,Tomas,Fuentes,www.jones.com,Dr,College of Business Administration,PHD,BUSINESS ADMINISTRATION,2007,2003,Light of The World,Clergy,Religious,1990-02-28 00:00:00,Cheerleader,Men's Soccer,,,Wrong Format of Date of Birth
92,Tomas,Fuentes,www.jones.com,Dr,College of Business Administration,PHD,BUSINESS ADMINISTRATION,2007,2003,Light of The World,Clergy,Religious,1990-02-28 00:00:00,Cheerleader,Men's Soccer,,,Wrong Format of Email Address
92,Tomas,Fuentes,www.jones.com,Dr,College of Business Administration,PHD,BUSINESS ADMINISTRATION,2007,2003,Light of The World,Clergy,Religious,1990-02-28 00:00:00,Cheerleader,Men's Soccer,,,Name of the Club is not listed in Sports Club sheet
92,Tomas,Fuentes,www.jones.com,Dr,College of Business Administration,PHD,BUSINESS ADMINISTRATION,2007,2003,Light of The World,Clergy,Religious,1990-02-28 00:00:00,Cheerleader,Men's Soccer,,,Cell(s) contains N/A value
93,Nolan,Bryan,ida46@hotmail.com,Dr,College of Health Sciences,BSED,HEALTH & PHYS EDUCATION,2003,1099,Frontier Communications,Representative,Communications,1988-04-14 00:00:00,,,,,Cell(s) contains N/A value
93,Nolan,Bryan,ida46@hotmail.com,Dr,College of Health Sciences,BSED,HEALTH & PHYS EDUCATION,2003,1099,Frontier Communications,Representative,Communications,1988-04-14 00:00:00,,,,,Wrong Format of Date of Birth
93,Nolan,Bryan,ida46@hotmail.com,Dr,College of Health Sciences,BSED,HEALTH & PHYS EDUCATION,2003,1099,Frontier Communications,Representative,Communications,1988-04-14 00:00:00,,,,,Name of the Club is not listed in Sports Club sheet
94,Tiana,Morrison,garmstrong@gmail.com,Senator,College of Education,BA,CLASSROOM TEACHING,2007,2003,Cape Cod Hospital,Nurse,,1990-02-14 00:00:00,,,,,Wrong Format of Date of Birth
94,Tiana,Morrison,garmstrong@gmail.com,Senator,College of Education,BA,CLASSROOM TEACHING,2007,2003,Cape Cod Hospital,Nurse,,1990-02-14 00:00:00,,,,,Cell(s) contains N/A value
94,Tiana,Morrison,garmstrong@gmail.com,Senator,College of Education,BA,CLASSROOM TEACHING,2007,2003,Cape Cod Hospital,Nurse,,1990-02-14 00:00:00,,,,,Name of the Club is not listed in Sports Club sheet
95,Alexis,Sawyer,upagac@sporer.info,The Honorable,College of Business Administration,MBA,COMBINED MBA/MPA,1011,2007,American Express Healthcare Solutions Group,"Director, Business Development",,1990-02-09 00:00:00,Men's Cross Country,,,,Wrong Format of Date of Birth
95,Alexis,Sawyer,upagac@sporer.info,The Honorable,College of Business Administration,MBA,COMBINED MBA/MPA,1011,2007,American Express Healthcare Solutions Group,"Director, Business Development",,1990-02-09 00:00:00,Men's Cross Country,,,,Contains duplicate Email
95,Alexis,Sawyer,upagac@sporer.info,The Honorable,College of Business Administration,MBA,COMBINED MBA/MPA,1011,2007,American Express Healthcare Solutions Group,"Director, Business Development",,1990-02-09 00:00:00,Men's Cross Country,,,,Name of the Club is not listed in Sports Club sheet
95,Alexis,Sawyer,upagac@sporer.info,The Honorable,College of Business Administration,MBA,COMBINED MBA/MPA,1011,2007,American Express Healthcare Solutions Group,"Director, Business Development",,1990-02-09 00:00:00,Men's Cross Country,,,,Cell(s) contains N/A value
96,,Delgado,filomena03@okeefe.org,Mr,College of Business Administration,MBA,COMBINED MBA/MPA,1011,2007,,Creative/Project Management,Advertising/ P.R./ Marketing,1990-02-22 00:00:00,,,,,Wrong Format of Date of Birth
96,,Delgado,filomena03@okeefe.org,Mr,College of Business Administration,MBA,COMBINED MBA/MPA,1011,2007,,Creative/Project Management,Advertising/ P.R./ Marketing,1990-02-22 00:00:00,,,,,Either First Name or Last Name is Blank
96,,Delgado,filomena03@okeefe.org,Mr,College of Business Administration,MBA,COMBINED MBA/MPA,1011,2007,,Creative/Project Management,Advertising/ P.R./ Marketing,1990-02-22 00:00:00,,,,,Name of the Club is not listed in Sports Club sheet
96,,Delgado,filomena03@okeefe.org,Mr,College of Business Administration,MBA,COMBINED MBA/MPA,1011,2007,,Creative/Project Management,Advertising/ P.R./ Marketing,1990-02-22 00:00:00,,,,,Employer Name is Empty even when Job Domain or Job Title is given
96,,Delgado,filomena03@okeefe.org,Mr,College of Business Administration,MBA,COMBINED MBA/MPA,1011,2007,,Creative/Project Management,Advertising/ P.R./ Marketing,1990-02-22 00:00:00,,,,,Cell(s) contains N/A value
97,Dean,Kent,kuhlman.maude@gleichner.com,Mr,College of Business Administration,PHD,BUSINESS ADMINISTRATION,1011,2007,na,Project Engineer,,1990-09-01 00:00:00,Women's Gymnastics,Women's Tennis,Women's Soccer,Cheerleader,Cell(s) contains N/A value
97,Dean,Kent,kuhlman.maude@gleichner.com,Mr,College of Business Administration,PHD,BUSINESS ADMINISTRATION,1011,2007,na,Project Engineer,,1990-09-01 00:00:00,Women's Gymnastics,Women's Tennis,Women's Soccer,Cheerleader,Wrong Format of Date of Birth
98,Quinton,Stanley,schuppe.angela@leuschke.com,Mr,College of Business Administration,MBA,COMBINED MBA/MPA,1011,2007,Cape Cod Hospital,Nurse,Healthcare,,,,,,Wrong Format of Date of Birth
98,Quinton,Stanley,schuppe.angela@leuschke.com,Mr,College of Business Administration,MBA,COMBINED MBA/MPA,1011,2007,Cape Cod Hospital,Nurse,Healthcare,nan,,,,,Name of the Club is not listed in Sports Club sheet
98,Quinton,Stanley,schuppe.angela@leuschke.com,Mr,College of Business Administration,MBA,COMBINED MBA/MPA,1011,2007,Cape Cod Hospital,Nurse,Healthcare,nan,,,,,Cell(s) contains N/A value
99,Guillermo,Ray,maxine15@gmail.com,Mrs,College of Business Administration,BA,ECONOMICS,1995,1991,Cape Cod Hospital,Registered Nurse,Healthcare,nan,,,,,Name of the Club is not listed in Sports Club sheet
99,Guillermo,Ray,maxine15@gmail.com,Mrs,College of Business Administration,BA,ECONOMICS,1995,1991,Cape Cod Hospital,Registered Nurse,Healthcare,,,,,,Wrong Format of Date of Birth
99,Guillermo,Ray,maxine15@gmail.com,Mrs,College of Business Administration,BA,ECONOMICS,1995,1991,Cape Cod Hospital,Registered Nurse,Healthcare,nan,,,,,Cell(s) contains N/A value
